urutan,menu,hasil,berkas
30,"Pengajuan Anda",LULUS,"C:\opt\CodeBaseDesktopDanMobile\docs\uat-abchicken-20260929-rev4-bukti-sesuai\evidence-live\30-pengajuan-anda.png"
31,"Draft Jurnal",LULUS,"C:\opt\CodeBaseDesktopDanMobile\docs\uat-abchicken-20260929-rev4-bukti-sesuai\evidence-live\31-draft-jurnal.png"
32,"Jurnal Umum",LULUS,"C:\opt\CodeBaseDesktopDanMobile\docs\uat-abchicken-20260929-rev4-bukti-sesuai\evidence-live\32-jurnal-umum.png"
33,"Setup Laporan",LULUS,"C:\opt\CodeBaseDesktopDanMobile\docs\uat-abchicken-20260929-rev4-bukti-sesuai\evidence-live\33-setup-laporan.png"
34,"SDM HRD",LULUS,"C:\opt\CodeBaseDesktopDanMobile\docs\uat-abchicken-20260929-rev4-bukti-sesuai\evidence-live\34-sdm-hrd.png"
35,"Inventaris General Affair",LULUS,"C:\opt\CodeBaseDesktopDanMobile\docs\uat-abchicken-20260929-rev4-bukti-sesuai\evidence-live\35-inventaris-general-affair.png"
36,"Self Order QR",LULUS,"C:\opt\CodeBaseDesktopDanMobile\docs\uat-abchicken-20260929-rev4-bukti-sesuai\evidence-live\36-self-order-qr.png"
37,"Otomasi Shift Kasir",LULUS,"C:\opt\CodeBaseDesktopDanMobile\docs\uat-abchicken-20260929-rev4-bukti-sesuai\evidence-live\37-otomasi-shift-kasir.png"
38,"Master Produk",LULUS,"C:\opt\CodeBaseDesktopDanMobile\docs\uat-abchicken-20260929-rev4-bukti-sesuai\evidence-live\38-master-produk.png"
39,"Master Harga",LULUS,"C:\opt\CodeBaseDesktopDanMobile\docs\uat-abchicken-20260929-rev4-bukti-sesuai\evidence-live\39-master-harga.png"
40,"Analisis Penjualan",LULUS,"C:\opt\CodeBaseDesktopDanMobile\docs\uat-abchicken-20260929-rev4-bukti-sesuai\evidence-live\40-analisis-penjualan.png"
41,"Laporan Transaksi",LULUS,"C:\opt\CodeBaseDesktopDanMobile\docs\uat-abchicken-20260929-rev4-bukti-sesuai\evidence-live\41-laporan-transaksi.png"
42,"Waste Produksi",LULUS,"C:\opt\CodeBaseDesktopDanMobile\docs\uat-abchicken-20260929-rev4-bukti-sesuai\evidence-live\42-waste-produksi.png"
43,"Kulakan",LULUS,"C:\opt\CodeBaseDesktopDanMobile\docs\uat-abchicken-20260929-rev4-bukti-sesuai\evidence-live\43-kulakan.png"
44,"Hutang Supplier",LULUS,"C:\opt\CodeBaseDesktopDanMobile\docs\uat-abchicken-20260929-rev4-bukti-sesuai\evidence-live\44-hutang-supplier.png"
45,"Master Supplier",LULUS,"C:\opt\CodeBaseDesktopDanMobile\docs\uat-abchicken-20260929-rev4-bukti-sesuai\evidence-live\45-master-supplier.png"
46,"Retur Penjualan",LULUS,"C:\opt\CodeBaseDesktopDanMobile\docs\uat-abchicken-20260929-rev4-bukti-sesuai\evidence-live\46-retur-penjualan.png"
47,"Pengiriman",LULUS,"C:\opt\CodeBaseDesktopDanMobile\docs\uat-abchicken-20260929-rev4-bukti-sesuai\evidence-live\47-pengiriman.png"
48,"Rekonsiliasi Stok",LULUS,"C:\opt\CodeBaseDesktopDanMobile\docs\uat-abchicken-20260929-rev4-bukti-sesuai\evidence-live\48-rekonsiliasi-stok.png"
