no,legacy_screen,module,legacy_path,actions,fields_filters,tables_columns,business_validation,status_audit_offline,outputs_acceptance
1,Data Supplier,Master Supplier,Menu Utama > Supplier,Pertama; Sebelum; Berikut; Terakhir; Tambah; Ubah (padanan Ganti); Simpan; Batal; Nonaktifkan (padanan aman Hapus master); Cetak; Riwayat Audit; Buka Daftar (padanan ikon Data/buka); Kembali (padanan Ke Menu),Kode Supplier; Status; Nama Supplier; Termin Pembayaran; Alamat; Wilayah; No. Telepon; No. Rekening; Atas Nama; Bank; Alamat Bank; Saldo Hutang,"Tidak ada grid utama pada layar ini; komponen utama: Identitas Supplier, Kontrol Relasi & Saldo. Daftar terkait tetap wajib tersedia melalui tombol/panel yang ditentukan.",Kode supplier wajib dipertahankan sebagai teks tiga karakter; termin menjadi dasar jatuh tempo; saldo hutang bersifat baca-saja dan direkonsiliasi. Duplikasi serta perubahan rekening/bank memerlukan validasi dan otorisasi. Master berhistori tidak boleh dihapus fisik.,"Kontrol mengikuti RBAC, status record/dokumen, periode, dan hak melihat kolom sensitif. Tombol yang belum boleh digunakan harus disabled dengan alasan, bukan hilang tanpa penjelasan. Setiap create/update/posting/cancel/reversal/cetak/ekspor menyimpan pengguna, waktu, perangkat, nilai sebelum-sesudah, correlation ID, dan audit trail. Web, Flutter Windows, dan Flutter Android memakai API serta aturan bisnis yang sama; retry offline wajib idempotent dan status sinkronisasi terlihat.","Cetak detail dan daftar supplier, riwayat audit, serta ekspor master bila diizinkan; bukti minimal berupa kode supplier, status akhir, waktu, pengguna, dan alasan perubahan. Layar diterima hanya apabila seluruh kontrol di atas tersedia atau disabled dengan alasan yang sah, seluruh kolom dan perhitungan setara, efek data cocok dengan legacy/aturan yang disetujui, dan skenario normal, batal, hak akses, cetak/ekspor, offline/retry, rekonsiliasi, serta UAT lulus."
2,Membuka Daftar Supplier,Master Supplier,Data Supplier > ikon buka daftar,Pertama; Sebelum; Berikut; Terakhir; Tambah; Ubah (padanan Ganti); Simpan; Batal; Nonaktifkan (padanan aman Hapus master); Cetak; Riwayat Audit; Tutup Daftar (padanan ikon tutup); Kembali (padanan Ke Menu),"Kode Supplier; Status; Nama Supplier; Termin Pembayaran; Alamat; Wilayah; No. Telepon; No. Rekening; Atas Nama; Bank; Alamat Bank; Saldo Hutang; Cari kode, nama, alamat, wilayah...; Urut: Kode; Urut: Nama; Urut: Wilayah","Grid 1: Kode, Nama Supplier, Wilayah, Termin, Telepon, Status","Membuka daftar hanya mengubah mode presentasi. Pemilihan baris harus mengubah record aktif pada detail tanpa menyimpan perubahan. Pengurutan, pencarian, jumlah record, status aktif/nonaktif, dan kecocokan grid-detail wajib konsisten.","Kontrol mengikuti RBAC, status record/dokumen, periode, dan hak melihat kolom sensitif. Tombol yang belum boleh digunakan harus disabled dengan alasan, bukan hilang tanpa penjelasan. Setiap create/update/posting/cancel/reversal/cetak/ekspor menyimpan pengguna, waktu, perangkat, nilai sebelum-sesudah, correlation ID, dan audit trail. Web, Flutter Windows, dan Flutter Android memakai API serta aturan bisnis yang sama; retry offline wajib idempotent dan status sinkronisasi terlihat.","Daftar supplier dapat dicetak/diekspor dengan filter dan urutan yang sama; bukti pemilihan berupa kode record aktif dan jumlah hasil. Layar diterima hanya apabila seluruh kontrol di atas tersedia atau disabled dengan alasan yang sah, seluruh kolom dan perhitungan setara, efek data cocok dengan legacy/aturan yang disetujui, dan skenario normal, batal, hak akses, cetak/ekspor, offline/retry, rekonsiliasi, serta UAT lulus."
3,Menutup Daftar Supplier,Master Supplier,Data Supplier > ikon tutup daftar,Pertama; Sebelum; Berikut; Terakhir; Tambah; Ubah (padanan Ganti); Simpan; Batal; Nonaktifkan (padanan aman Hapus master); Cetak; Riwayat Audit; Tutup Daftar (padanan ikon tutup); Kembali (padanan Ke Menu),"Kode Supplier; Status; Nama Supplier; Termin Pembayaran; Alamat; Wilayah; No. Telepon; No. Rekening; Atas Nama; Bank; Alamat Bank; Saldo Hutang; Cari kode, nama, alamat, wilayah...; Urut: Kode; Urut: Nama; Urut: Wilayah","Grid 1: Kode, Nama Supplier, Wilayah, Termin, Telepon, Status","Menutup daftar tidak boleh mengubah record, saldo, atau status. Sistem wajib mempertahankan record terakhir yang dipilih dan memperingatkan pengguna bila masih terdapat perubahan yang belum disimpan.","Kontrol mengikuti RBAC, status record/dokumen, periode, dan hak melihat kolom sensitif. Tombol yang belum boleh digunakan harus disabled dengan alasan, bukan hilang tanpa penjelasan. Setiap create/update/posting/cancel/reversal/cetak/ekspor menyimpan pengguna, waktu, perangkat, nilai sebelum-sesudah, correlation ID, dan audit trail. Web, Flutter Windows, dan Flutter Android memakai API serta aturan bisnis yang sama; retry offline wajib idempotent dan status sinkronisasi terlihat.","Tidak menghasilkan transaksi baru. Bukti yang diterima adalah record terpilih tetap sama dan tidak ada perubahan data setelah panel ditutup. Layar diterima hanya apabila seluruh kontrol di atas tersedia atau disabled dengan alasan yang sah, seluruh kolom dan perhitungan setara, efek data cocok dengan legacy/aturan yang disetujui, dan skenario normal, batal, hak akses, cetak/ekspor, offline/retry, rekonsiliasi, serta UAT lulus."
4,Data Customer,Master Customer,Menu Utama > Customer,Pertama; Sebelum; Berikut; Terakhir; Tambah; Ubah (padanan Ganti); Simpan; Batal; Nonaktifkan (padanan aman Hapus master); Cetak; Riwayat Audit; Buka Daftar (padanan ikon Data/buka); Kembali (padanan Ke Menu),Kode Customer; Status; Nama Customer; Termin Pembayaran; Alamat; Wilayah; No. Telepon; Diskon Default; No. Rekening; Atas Nama; Bank; Saldo Piutang,"Tidak ada grid utama pada layar ini; komponen utama: Identitas Customer, Kontrol Relasi & Saldo. Daftar terkait tetap wajib tersedia melalui tombol/panel yang ditentukan.","Kode customer wajib dipertahankan sebagai teks lima karakter. Termin, diskon, rekening, dan saldo piutang dikendalikan dengan hak akses. Perubahan master berlaku ke depan; snapshot customer pada faktur historis tidak boleh ditulis ulang.","Kontrol mengikuti RBAC, status record/dokumen, periode, dan hak melihat kolom sensitif. Tombol yang belum boleh digunakan harus disabled dengan alasan, bukan hilang tanpa penjelasan. Setiap create/update/posting/cancel/reversal/cetak/ekspor menyimpan pengguna, waktu, perangkat, nilai sebelum-sesudah, correlation ID, dan audit trail. Web, Flutter Windows, dan Flutter Android memakai API serta aturan bisnis yang sama; retry offline wajib idempotent dan status sinkronisasi terlihat.","Cetak detail/daftar customer dan audit perubahan; ekspor mengikuti hak akses piutang, diskon, dan rekening. Layar diterima hanya apabila seluruh kontrol di atas tersedia atau disabled dengan alasan yang sah, seluruh kolom dan perhitungan setara, efek data cocok dengan legacy/aturan yang disetujui, dan skenario normal, batal, hak akses, cetak/ekspor, offline/retry, rekonsiliasi, serta UAT lulus."
5,Membuka Daftar Customer,Master Customer,Data Customer > ikon buka daftar,Pertama; Sebelum; Berikut; Terakhir; Tambah; Ubah (padanan Ganti); Simpan; Batal; Nonaktifkan (padanan aman Hapus master); Cetak; Riwayat Audit; Tutup Daftar (padanan ikon tutup); Kembali (padanan Ke Menu),"Kode Customer; Status; Nama Customer; Termin Pembayaran; Alamat; Wilayah; No. Telepon; Diskon Default; No. Rekening; Atas Nama; Bank; Saldo Piutang; Cari kode, nama, alamat, wilayah...; Urut: Kode; Urut: Nama; Urut: Wilayah","Grid 1: Kode, Nama Customer, Wilayah, Termin, Piutang, Status","Daftar customer harus mendukung pemilihan, pencarian, pengurutan kode/nama/wilayah, jumlah record, dan verifikasi detail. Kode duplikat tidak boleh digabung otomatis; seluruh histori harus ditelaah melalui proses cleansing yang diaudit.","Kontrol mengikuti RBAC, status record/dokumen, periode, dan hak melihat kolom sensitif. Tombol yang belum boleh digunakan harus disabled dengan alasan, bukan hilang tanpa penjelasan. Setiap create/update/posting/cancel/reversal/cetak/ekspor menyimpan pengguna, waktu, perangkat, nilai sebelum-sesudah, correlation ID, dan audit trail. Web, Flutter Windows, dan Flutter Android memakai API serta aturan bisnis yang sama; retry offline wajib idempotent dan status sinkronisasi terlihat.","Daftar customer dapat dicetak/diekspor dengan filter, urutan, dan jumlah record; exception duplikasi masuk daftar cleansing. Layar diterima hanya apabila seluruh kontrol di atas tersedia atau disabled dengan alasan yang sah, seluruh kolom dan perhitungan setara, efek data cocok dengan legacy/aturan yang disetujui, dan skenario normal, batal, hak akses, cetak/ekspor, offline/retry, rekonsiliasi, serta UAT lulus."
6,Menutup Daftar Customer,Master Customer,Data Customer > ikon tutup daftar,Pertama; Sebelum; Berikut; Terakhir; Tambah; Ubah (padanan Ganti); Simpan; Batal; Nonaktifkan (padanan aman Hapus master); Cetak; Riwayat Audit; Tutup Daftar (padanan ikon tutup); Kembali (padanan Ke Menu),"Kode Customer; Status; Nama Customer; Termin Pembayaran; Alamat; Wilayah; No. Telepon; Diskon Default; No. Rekening; Atas Nama; Bank; Saldo Piutang; Cari kode, nama, alamat, wilayah...; Urut: Kode; Urut: Nama; Urut: Wilayah","Grid 1: Kode, Nama Customer, Wilayah, Termin, Piutang, Status","Menutup panel daftar hanya mengubah tata letak. Record terpilih harus tetap sama, perubahan belum disimpan harus dikonfirmasi, dan tindakan ini tidak boleh memicu create, update, delete, posting, atau perubahan piutang.","Kontrol mengikuti RBAC, status record/dokumen, periode, dan hak melihat kolom sensitif. Tombol yang belum boleh digunakan harus disabled dengan alasan, bukan hilang tanpa penjelasan. Setiap create/update/posting/cancel/reversal/cetak/ekspor menyimpan pengguna, waktu, perangkat, nilai sebelum-sesudah, correlation ID, dan audit trail. Web, Flutter Windows, dan Flutter Android memakai API serta aturan bisnis yang sama; retry offline wajib idempotent dan status sinkronisasi terlihat.","Tidak menghasilkan transaksi baru; bukti adalah record terpilih dan saldo tetap sama setelah panel ditutup. Layar diterima hanya apabila seluruh kontrol di atas tersedia atau disabled dengan alasan yang sah, seluruh kolom dan perhitungan setara, efek data cocok dengan legacy/aturan yang disetujui, dan skenario normal, batal, hak akses, cetak/ekspor, offline/retry, rekonsiliasi, serta UAT lulus."
7,Data Sales atau Penjual Keliling,Master Sales,Menu Utama > Sales,Pertama; Sebelum; Berikut; Terakhir; Tambah; Ubah (padanan Ganti); Simpan; Batal; Nonaktifkan (padanan aman Hapus master); Cari Perkiraan; Cetak; Muat Ulang; Kembali (padanan Ke Menu),Kode Sales; Status; Nama Sales; No. Perkiraan; Wilayah Utama; Target Bulanan; Ponsel; Jumlah Customer; Cari kode atau nama sales,"Grid 1: Kode, Nama Sales, No. Perkiraan, Status, Beban Penagihan","Kode sales legacy dua karakter, nama sales, dan nomor perkiraan wajib dipertahankan. Nomor perkiraan harus mengacu ke akun valid; sales berhistori dinonaktifkan, bukan dihapus. Sales pada faktur dan piutang historis tetap menjadi snapshot.","Kontrol mengikuti RBAC, status record/dokumen, periode, dan hak melihat kolom sensitif. Tombol yang belum boleh digunakan harus disabled dengan alasan, bukan hilang tanpa penjelasan. Setiap create/update/posting/cancel/reversal/cetak/ekspor menyimpan pengguna, waktu, perangkat, nilai sebelum-sesudah, correlation ID, dan audit trail. Web, Flutter Windows, dan Flutter Android memakai API serta aturan bisnis yang sama; retry offline wajib idempotent dan status sinkronisasi terlihat.","Cetak/ekspor daftar sales dan mapping perkiraan; audit aktivasi/nonaktif serta perubahan target/wilayah. Layar diterima hanya apabila seluruh kontrol di atas tersedia atau disabled dengan alasan yang sah, seluruh kolom dan perhitungan setara, efek data cocok dengan legacy/aturan yang disetujui, dan skenario normal, batal, hak akses, cetak/ekspor, offline/retry, rekonsiliasi, serta UAT lulus."
8,Data Stok Barang,Persediaan,Menu Utama > Stok Barang,Pertama; Sebelum; Berikut; Terakhir; Tambah Barang; Ubah (padanan Ganti); Simpan; Batal; Nonaktifkan (padanan aman Hapus master); Cetak Stok; Barang Kedaluwarsa; Stok Opname; Harga Beli & Jual; Muat Ulang; Kembali (padanan Ke Menu),Cari kode / nama barang; Gudang; Tanggal acuan; Filter Semua; Stok minimum; Stok negatif; Stok tersedia,"Grid 1: Kode, Nama Barang, Sat, Hrg Beli, Awal, Pembelian, Penjualan, Akhir, Total Harga, Min","Saldo stok merupakan hasil ledger, bukan angka yang dapat diedit bebas. Kesetaraan legacy mencakup AWAL + MASUK - ABS(KELUAR), batch, expiry, stok minimum, harga, nilai, serta penanda stok nol/negatif/tersedia. Koreksi dilakukan melalui opname/adjustment beralasan.","Kontrol mengikuti RBAC, status record/dokumen, periode, dan hak melihat kolom sensitif. Tombol yang belum boleh digunakan harus disabled dengan alasan, bukan hilang tanpa penjelasan. Setiap create/update/posting/cancel/reversal/cetak/ekspor menyimpan pengguna, waktu, perangkat, nilai sebelum-sesudah, correlation ID, dan audit trail. Web, Flutter Windows, dan Flutter Android memakai API serta aturan bisnis yang sama; retry offline wajib idempotent dan status sinkronisasi terlihat.","Preview/cetak/PDF/Excel daftar stok, tautan ke expiry, opname, dan analisis harga. Total kuantitas dan nilai harus sama dengan ledger pada cut-off. Layar diterima hanya apabila seluruh kontrol di atas tersedia atau disabled dengan alasan yang sah, seluruh kolom dan perhitungan setara, efek data cocok dengan legacy/aturan yang disetujui, dan skenario normal, batal, hak akses, cetak/ekspor, offline/retry, rekonsiliasi, serta UAT lulus."
9,Laporan Opname,Stok Opname,Stok Barang > Laporan Opname,Buat Sesi Opname; Input Fisik; Impor Hasil Hitung; Validasi Selisih; Posting Penyesuaian; Cetak; Ekspor Excel; Muat Ulang; Kembali (padanan Ke Menu),Tanggal awal (Dari); Tanggal akhir (Sampai); Gudang; Cari kode / nama barang; Semua selisih; Hanya berbeda; Belum disetujui,"Grid 1: Tgl Opname, Kode, Nama Barang, Sat, Stok Komp., Stok Fisik, Selisih, Hrg Pokok, Total Harga","Opname harus memakai sesi dan cut-off yang jelas, membekukan atau mengendalikan pergerakan selama penghitungan, mencegah hitung ganda, menerima input/impor fisik, menghitung selisih, lalu membuat penyesuaian hanya setelah validasi dan persetujuan.","Kontrol mengikuti RBAC, status record/dokumen, periode, dan hak melihat kolom sensitif. Tombol yang belum boleh digunakan harus disabled dengan alasan, bukan hilang tanpa penjelasan. Setiap create/update/posting/cancel/reversal/cetak/ekspor menyimpan pengguna, waktu, perangkat, nilai sebelum-sesudah, correlation ID, dan audit trail. Web, Flutter Windows, dan Flutter Android memakai API serta aturan bisnis yang sama; retry offline wajib idempotent dan status sinkronisasi terlihat.","Worksheet hitung, laporan selisih, daftar approval, adjustment reference, PDF, dan Excel; semua terkait satu session ID opname. Layar diterima hanya apabila seluruh kontrol di atas tersedia atau disabled dengan alasan yang sah, seluruh kolom dan perhitungan setara, efek data cocok dengan legacy/aturan yang disetujui, dan skenario normal, batal, hak akses, cetak/ekspor, offline/retry, rekonsiliasi, serta UAT lulus."
10,Mencetak Laporan Opname,Stok Opname,Laporan Opname > Cetak,Halaman Pertama; Sebelum; Berikut; Terakhir; Zoom 100%; Cetak; Unduh PDF; Ekspor Excel; Simpan Snapshot; Riwayat Cetak; Kembali (padanan Ke Menu),Periode; Gudang / Pihak; Versi snapshot; Penanda,"Grid 1: No., #Brg, Nama Barang, Sat, St.Komp, St.Fisik, Selisih, Hrg.Pokok, Total","Cetakan opname wajib berasal dari snapshot dan parameter yang sama dengan layar. Semua kolom, total, periode, gudang, versi, nomor halaman, petugas hitung, pemeriksa, dan persetujuan harus dapat dibaca serta ditelusuri pada reprint.","Kontrol mengikuti RBAC, status record/dokumen, periode, dan hak melihat kolom sensitif. Tombol yang belum boleh digunakan harus disabled dengan alasan, bukan hilang tanpa penjelasan. Setiap create/update/posting/cancel/reversal/cetak/ekspor menyimpan pengguna, waktu, perangkat, nilai sebelum-sesudah, correlation ID, dan audit trail. Web, Flutter Windows, dan Flutter Android memakai API serta aturan bisnis yang sama; retry offline wajib idempotent dan status sinkronisasi terlihat.","Cetak fisik, PDF, Excel, snapshot, dan riwayat reprint dengan parameter, versi, total, serta ruang tanda tangan. Layar diterima hanya apabila seluruh kontrol di atas tersedia atau disabled dengan alasan yang sah, seluruh kolom dan perhitungan setara, efek data cocok dengan legacy/aturan yang disetujui, dan skenario normal, batal, hak akses, cetak/ekspor, offline/retry, rekonsiliasi, serta UAT lulus."
11,Harga Beli dan Harga Jual,Analisis Harga,Stok Barang > Harga Beli/Jual,Pertama; Sebelum; Berikut; Terakhir; Tambah Barang; Ubah Harga; Simpan; Batal; Cetak; Barang Kedaluwarsa; Stok Opname; Master Harga Beli; Master Harga Jual; Ekspor Excel; Kembali (padanan Ke Menu),Cari nama barang; Cari kode; Filter Semua; Stok ada; Stok nol; Margin negatif,"Grid 1: Kode, Nama Barang, Sat, Stok, Hrg Beli, Jual Kredit, Jual Tunai, Margin Tunai","Harga beli, harga jual kredit/tunai, harga rata-rata, tanggal harga, stok, dan margin harus dibandingkan pada satu konteks produk. Harga nol, harga jual di bawah biaya, dan margin negatif menjadi exception. Faktur historis tetap memakai snapshot harga transaksi.","Kontrol mengikuti RBAC, status record/dokumen, periode, dan hak melihat kolom sensitif. Tombol yang belum boleh digunakan harus disabled dengan alasan, bukan hilang tanpa penjelasan. Setiap create/update/posting/cancel/reversal/cetak/ekspor menyimpan pengguna, waktu, perangkat, nilai sebelum-sesudah, correlation ID, dan audit trail. Web, Flutter Windows, dan Flutter Android memakai API serta aturan bisnis yang sama; retry offline wajib idempotent dan status sinkronisasi terlihat.","Laporan analisis harga dan margin, preview/cetak, serta Excel; keluaran harga beli diproteksi oleh hak akses. Layar diterima hanya apabila seluruh kontrol di atas tersedia atau disabled dengan alasan yang sah, seluruh kolom dan perhitungan setara, efek data cocok dengan legacy/aturan yang disetujui, dan skenario normal, batal, hak akses, cetak/ekspor, offline/retry, rekonsiliasi, serta UAT lulus."
12,Memilih dan Menjalankan Cetak Harga Beli/Jual,Analisis Harga,Harga Beli/Jual > Cetak,Cari; Muat Ulang; Harga Jual; Harga Beli (berizin); Preview Cetak; Ekspor Excel; Simpan Filter; Kembali (padanan Ke Menu),Cari nama barang; Cari kode; Filter Semua; Stok ada; Stok nol; Harga: Jual; Kanal: Kredit & Tunai,"Grid 1: Kode, Nama Barang, Stok, Sat, Hrg Beli, Hrg Jual Kredit, Hrg Jual Tunai, RL % Tunai","Pilihan jenis harga, kanal, stok, kode/nama, dan cakupan harus diteruskan tanpa berubah ke preview, cetak, dan ekspor. Harga beli hanya terlihat bagi peran berwenang; penyembunyian kolom tidak boleh mengubah total atau susunan data lain.","Kontrol mengikuti RBAC, status record/dokumen, periode, dan hak melihat kolom sensitif. Tombol yang belum boleh digunakan harus disabled dengan alasan, bukan hilang tanpa penjelasan. Setiap create/update/posting/cancel/reversal/cetak/ekspor menyimpan pengguna, waktu, perangkat, nilai sebelum-sesudah, correlation ID, dan audit trail. Web, Flutter Windows, dan Flutter Android memakai API serta aturan bisnis yang sama; retry offline wajib idempotent dan status sinkronisasi terlihat.","Preview, cetak, Excel, dan filter tersimpan dengan jenis harga serta kanal yang dipilih. Layar diterima hanya apabila seluruh kontrol di atas tersedia atau disabled dengan alasan yang sah, seluruh kolom dan perhitungan setara, efek data cocok dengan legacy/aturan yang disetujui, dan skenario normal, batal, hak akses, cetak/ekspor, offline/retry, rekonsiliasi, serta UAT lulus."
13,Mencetak Harga Jual,Harga Jual,Harga Beli/Jual > Cetak Harga Jual,Halaman Pertama; Sebelum; Berikut; Terakhir; Zoom 100%; Cetak; Unduh PDF; Ekspor Excel; Simpan Snapshot; Riwayat Cetak; Kembali (padanan Ke Menu),Periode; Gudang / Pihak; Versi snapshot; Penanda,"Grid 1: No., #Brg, Nama Barang, Sat, Hrg Jual Kredit, Hrg Jual Tunai","Daftar harga jual umum dan khusus customer harus menyatakan customer/kanal, tanggal efektif, versi, satuan, dan status. Perubahan harga membuat versi baru; histori tidak ditimpa dan invoice lama tidak dihitung ulang dengan master harga terbaru.","Kontrol mengikuti RBAC, status record/dokumen, periode, dan hak melihat kolom sensitif. Tombol yang belum boleh digunakan harus disabled dengan alasan, bukan hilang tanpa penjelasan. Setiap create/update/posting/cancel/reversal/cetak/ekspor menyimpan pengguna, waktu, perangkat, nilai sebelum-sesudah, correlation ID, dan audit trail. Web, Flutter Windows, dan Flutter Android memakai API serta aturan bisnis yang sama; retry offline wajib idempotent dan status sinkronisasi terlihat.","Daftar harga jual PDF/cetak/Excel dengan customer/kanal, tanggal efektif, versi, dan audit reprint. Layar diterima hanya apabila seluruh kontrol di atas tersedia atau disabled dengan alasan yang sah, seluruh kolom dan perhitungan setara, efek data cocok dengan legacy/aturan yang disetujui, dan skenario normal, batal, hak akses, cetak/ekspor, offline/retry, rekonsiliasi, serta UAT lulus."
14,Mengekspor Data Harga/Stok ke Excel,Ekspor Data,Daftar Harga/Stok > Cetak ke Excel,Cari; Muat Ulang; Harga Jual; Harga Beli (berizin); Preview Cetak; Ekspor Excel; Simpan Filter; Kembali (padanan Ke Menu); Batal; Ekspor Sekarang,Format; Nama file; Data; Kolom; Cari nama barang; Cari kode; Filter Semua; Stok ada; Stok nol; Harga: Jual; Kanal: Kredit & Tunai,"Grid 1: Kode, Nama Barang, Stok, Sat, Hrg Beli, Hrg Jual Kredit, Hrg Jual Tunai, RL % Tunai","Ekspor harus mempertahankan kode sebagai teks termasuk nol di depan, tipe tanggal dan desimal, seluruh kolom terpilih, urutan/filter, jumlah baris, dan total. File wajib mempunyai nama, waktu, pembuat, parameter, serta log ekspor yang dapat diaudit.","Kontrol mengikuti RBAC, status record/dokumen, periode, dan hak melihat kolom sensitif. Tombol yang belum boleh digunakan harus disabled dengan alasan, bukan hilang tanpa penjelasan. Setiap create/update/posting/cancel/reversal/cetak/ekspor menyimpan pengguna, waktu, perangkat, nilai sebelum-sesudah, correlation ID, dan audit trail. Web, Flutter Windows, dan Flutter Android memakai API serta aturan bisnis yang sama; retry offline wajib idempotent dan status sinkronisasi terlihat.","File Excel/CSV terkontrol dengan log ekspor, nama file, parameter, jumlah baris, checksum/versi, dan pengguna. Layar diterima hanya apabila seluruh kontrol di atas tersedia atau disabled dengan alasan yang sah, seluruh kolom dan perhitungan setara, efek data cocok dengan legacy/aturan yang disetujui, dan skenario normal, batal, hak akses, cetak/ekspor, offline/retry, rekonsiliasi, serta UAT lulus."
15,Mencetak Daftar Stok,Laporan Persediaan,Stok Barang > Cetak Stok,Pertama; Sebelum; Berikut; Terakhir; Cari Kode; Cari Nama; Preview Cetak; Cetak Langsung; Ekspor Excel; Simpan Filter; Kembali (padanan Ke Menu),Cari kode / nama barang; Gudang; Tanggal acuan; Filter Semua; Stok minimum; Stok kurang; Stok ada,"Grid 1: Kode, Nama Barang, Sat, Hrg Beli, Awal, Masuk, Keluar, Akhir, Total Harga, Min","Daftar stok cetak harus menggunakan gudang dan tanggal acuan yang sama dengan layar, menyediakan filter serta pengurutan legacy, dan merekonsiliasi saldo serta nilai terhadap ledger. Harga beli/nilai hanya diberikan kepada peran berwenang.","Kontrol mengikuti RBAC, status record/dokumen, periode, dan hak melihat kolom sensitif. Tombol yang belum boleh digunakan harus disabled dengan alasan, bukan hilang tanpa penjelasan. Setiap create/update/posting/cancel/reversal/cetak/ekspor menyimpan pengguna, waktu, perangkat, nilai sebelum-sesudah, correlation ID, dan audit trail. Web, Flutter Windows, dan Flutter Android memakai API serta aturan bisnis yang sama; retry offline wajib idempotent dan status sinkronisasi terlihat.","Preview/cetak/Excel daftar stok dengan cut-off, gudang, filter, total nilai, dan jumlah jenis barang. Layar diterima hanya apabila seluruh kontrol di atas tersedia atau disabled dengan alasan yang sah, seluruh kolom dan perhitungan setara, efek data cocok dengan legacy/aturan yang disetujui, dan skenario normal, batal, hak akses, cetak/ekspor, offline/retry, rekonsiliasi, serta UAT lulus."
16,Hasil Cetak Stok,Laporan Persediaan,Cetak Stok > Preview,Halaman Pertama; Sebelum; Berikut; Terakhir; Zoom 100%; Cetak; Unduh PDF; Ekspor Excel; Simpan Snapshot; Riwayat Cetak; Kembali (padanan Ke Menu),Periode; Gudang / Pihak; Versi snapshot; Penanda,"Grid 1: #Brg, Nama Barang, Satuan, Awal, Masuk, Keluar, Akhir, Stok Min, Harga Beli, Jumlah Rupiah","Hasil cetak stok adalah snapshot layar 15: header berulang, nomor halaman, seluruh kolom, total nilai, jumlah barang, dan parameter harus lengkap tanpa terpotong. Cetak ulang wajib memakai versi yang sama atau diberi versi baru dengan alasan.","Kontrol mengikuti RBAC, status record/dokumen, periode, dan hak melihat kolom sensitif. Tombol yang belum boleh digunakan harus disabled dengan alasan, bukan hilang tanpa penjelasan. Setiap create/update/posting/cancel/reversal/cetak/ekspor menyimpan pengguna, waktu, perangkat, nilai sebelum-sesudah, correlation ID, dan audit trail. Web, Flutter Windows, dan Flutter Android memakai API serta aturan bisnis yang sama; retry offline wajib idempotent dan status sinkronisasi terlihat.","Dokumen PDF/cetak/Excel final dari daftar stok dengan snapshot dan riwayat reprint. Layar diterima hanya apabila seluruh kontrol di atas tersedia atau disabled dengan alasan yang sah, seluruh kolom dan perhitungan setara, efek data cocok dengan legacy/aturan yang disetujui, dan skenario normal, batal, hak akses, cetak/ekspor, offline/retry, rekonsiliasi, serta UAT lulus."
17,Menu Master Harga,Master Harga,Menu Utama > Master Harga,Muat Ulang; Riwayat Perubahan Harga; Persetujuan Tertunda; Impor Harga; Ekspor Template; Kembali (padanan Ke Menu); Buka Harga Beli; Buka Harga Jual,Tidak ada field entri utama; parameter ditentukan melalui konteks modul dan tombol tindakan.,Tidak ada grid utama pada layar ini; komponen utama: form detail dan panel informasi. Daftar terkait tetap wajib tersedia melalui tombol/panel yang ditentukan.,"Kedua jalur master harga - harga beli per supplier dan harga jual per customer - harus benar-benar dapat dibuka. Hak akses, riwayat perubahan, persetujuan tertunda, impor, dan ekspor template bukan kartu dekoratif atau tombol semu.","Kontrol mengikuti RBAC, status record/dokumen, periode, dan hak melihat kolom sensitif. Tombol yang belum boleh digunakan harus disabled dengan alasan, bukan hilang tanpa penjelasan. Setiap create/update/posting/cancel/reversal/cetak/ekspor menyimpan pengguna, waktu, perangkat, nilai sebelum-sesudah, correlation ID, dan audit trail. Web, Flutter Windows, dan Flutter Android memakai API serta aturan bisnis yang sama; retry offline wajib idempotent dan status sinkronisasi terlihat.","Navigasi ke dua master harga, template impor/ekspor, daftar approval, dan riwayat; setiap tombol harus menuju fungsi nyata. Layar diterima hanya apabila seluruh kontrol di atas tersedia atau disabled dengan alasan yang sah, seluruh kolom dan perhitungan setara, efek data cocok dengan legacy/aturan yang disetujui, dan skenario normal, batal, hak akses, cetak/ekspor, offline/retry, rekonsiliasi, serta UAT lulus."
18,Master Harga Beli per Supplier,Master Harga Beli,Master Harga > Harga Beli,Tambah Harga; Ubah Harga; Simpan; Batal; Hapus Versi; Salin Harga; Impor Excel; Ekspor Excel; Riwayat; Bandingkan Supplier; Kembali (padanan Ke Menu),Cari barang...; Filter Semua; Barang terpilih; Supplier terpilih,"Grid 1: #Brg, Nama Barang; Grid 2: #Suppl, Supplier, Harga Beli, Tgl Efektif; Grid 3: #Brg, Nama Barang, Harga Beli, Tanggal","Pasangan supplier-produk harus unik pada rentang efektif yang sama. Harga dibuat berversi, overlap ditolak, histori dan alasan perubahan tersedia, dan resolver harga transaksi memilih versi yang tepat. Hapus versi hanya untuk data belum dipakai atau melalui nonaktif/reversal yang diaudit.","Kontrol mengikuti RBAC, status record/dokumen, periode, dan hak melihat kolom sensitif. Tombol yang belum boleh digunakan harus disabled dengan alasan, bukan hilang tanpa penjelasan. Setiap create/update/posting/cancel/reversal/cetak/ekspor menyimpan pengguna, waktu, perangkat, nilai sebelum-sesudah, correlation ID, dan audit trail. Web, Flutter Windows, dan Flutter Android memakai API serta aturan bisnis yang sama; retry offline wajib idempotent dan status sinkronisasi terlihat.","Template impor, Excel, histori versi, daftar perbandingan supplier, dan bukti approval harga. Layar diterima hanya apabila seluruh kontrol di atas tersedia atau disabled dengan alasan yang sah, seluruh kolom dan perhitungan setara, efek data cocok dengan legacy/aturan yang disetujui, dan skenario normal, batal, hak akses, cetak/ekspor, offline/retry, rekonsiliasi, serta UAT lulus."
19,Master Harga Jual per Customer,Master Harga Jual,Master Harga > Harga Jual,Tambah Harga; Ubah Harga; Simpan; Batal; Hapus Versi; Salin Harga; Impor Excel; Ekspor Excel; Riwayat; Simulasi Margin; Kembali (padanan Ke Menu),Cari barang...; Filter Semua; Barang terpilih; Customer terpilih,"Grid 1: #Brg, Nama Barang; Grid 2: #Cust, Customer, Harga Jual, Tgl Efektif; Grid 3: #Brg, Nama Barang, Harga Jual, Tanggal","Pasangan customer-produk harus unik pada rentang efektif yang sama. Harga dibuat berversi, overlap ditolak, simulasi margin tersedia, histori disimpan, dan transaksi mengambil harga yang berlaku lalu menyimpannya sebagai snapshot.","Kontrol mengikuti RBAC, status record/dokumen, periode, dan hak melihat kolom sensitif. Tombol yang belum boleh digunakan harus disabled dengan alasan, bukan hilang tanpa penjelasan. Setiap create/update/posting/cancel/reversal/cetak/ekspor menyimpan pengguna, waktu, perangkat, nilai sebelum-sesudah, correlation ID, dan audit trail. Web, Flutter Windows, dan Flutter Android memakai API serta aturan bisnis yang sama; retry offline wajib idempotent dan status sinkronisasi terlihat.","Template impor, Excel, histori versi, simulasi margin, dan bukti approval harga. Layar diterima hanya apabila seluruh kontrol di atas tersedia atau disabled dengan alasan yang sah, seluruh kolom dan perhitungan setara, efek data cocok dengan legacy/aturan yang disetujui, dan skenario normal, batal, hak akses, cetak/ekspor, offline/retry, rekonsiliasi, serta UAT lulus."
20,Proses Pembelian Barang dari Supplier,Pembelian,Menu Utama > Pembelian,Cetak Faktur; Tambah Baris; Ubah Baris; Hapus Baris; Selesai Ubah; Simpan Draft; Posting Transaksi; Batalkan Dokumen/Reversal untuk posted; Hutang; Bayar Hutang; Laporan; Kembali (padanan Ke Menu),Tanggal; No. Faktur; Supplier; Jatuh Tempo; Saldo Hutang; Status; Kode Barang; Nama Barang; Satuan; No. Batch; Tanggal Kedaluwarsa; Stok Barang; Banyak; Harga Satuan; Diskon %; Diskon Rp; Harga Beli Neto; Jumlah; Termin; Status Hutang; Nomor referensi,"Grid 1: #Barang, Nama Barang, Banyak, Harga, Jumlah, Batch, Expired","Pembelian wajib memelihara header dan baris, diskon, batch, expiry, harga neto, jumlah, termin, serta status. Posting harus atomik dan idempotent: dokumen, stok, batch, hutang, kas/jurnal, dan audit berhasil bersama. Dokumen posted dibatalkan/reversal, bukan dihapus.","Kontrol mengikuti RBAC, status record/dokumen, periode, dan hak melihat kolom sensitif. Tombol yang belum boleh digunakan harus disabled dengan alasan, bukan hilang tanpa penjelasan. Setiap create/update/posting/cancel/reversal/cetak/ekspor menyimpan pengguna, waktu, perangkat, nilai sebelum-sesudah, correlation ID, dan audit trail. Web, Flutter Windows, dan Flutter Android memakai API serta aturan bisnis yang sama; retry offline wajib idempotent dan status sinkronisasi terlihat.","Faktur pembelian, nomor posting, referensi stok/batch, hutang, jurnal, audit, dan cetak ulang terkontrol. Layar diterima hanya apabila seluruh kontrol di atas tersedia atau disabled dengan alasan yang sah, seluruh kolom dan perhitungan setara, efek data cocok dengan legacy/aturan yang disetujui, dan skenario normal, batal, hak akses, cetak/ekspor, offline/retry, rekonsiliasi, serta UAT lulus."
21,Tombol Hutang pada Pembelian,Hutang Dagang,Pembelian > Hutang,Cetak Faktur; Tambah Baris; Ubah Baris; Hapus Baris; Selesai Ubah; Simpan Draft; Posting Transaksi; Batalkan Dokumen/Reversal untuk posted; Hutang; Bayar Hutang; Laporan; Kembali (padanan Ke Menu),Tanggal; No. Faktur; Supplier; Jatuh Tempo; Saldo Hutang; Status; Kode Barang; Nama Barang; Satuan; No. Batch; Tanggal Kedaluwarsa; Stok Barang; Banyak; Harga Satuan; Diskon %; Diskon Rp; Harga Beli Neto; Jumlah; Termin; Status Hutang; Nomor referensi,"Grid 1: #Barang, Nama Barang, Banyak, Harga, Jumlah, Batch, Expired","Tombol Hutang wajib menjadi deep-link fungsional yang membawa nomor faktur, supplier, tanggal, nilai, dan status dari pembelian aktif ke subledger hutang. Navigasi tidak boleh membentuk hutang kedua atau kehilangan konteks transaksi.","Kontrol mengikuti RBAC, status record/dokumen, periode, dan hak melihat kolom sensitif. Tombol yang belum boleh digunakan harus disabled dengan alasan, bukan hilang tanpa penjelasan. Setiap create/update/posting/cancel/reversal/cetak/ekspor menyimpan pengguna, waktu, perangkat, nilai sebelum-sesudah, correlation ID, dan audit trail. Web, Flutter Windows, dan Flutter Android memakai API serta aturan bisnis yang sama; retry offline wajib idempotent dan status sinkronisasi terlihat.","Deep-link ke hutang terkait dan kembali ke pembelian tanpa membuat output atau record baru. Layar diterima hanya apabila seluruh kontrol di atas tersedia atau disabled dengan alasan yang sah, seluruh kolom dan perhitungan setara, efek data cocok dengan legacy/aturan yang disetujui, dan skenario normal, batal, hak akses, cetak/ekspor, offline/retry, rekonsiliasi, serta UAT lulus."
22,Data Hutang Supplier,Hutang Dagang,Pembelian > Hutang > Daftar,Bayar Hutang; Lihat Pembayaran; Analisis Hutang; Edit Pembayaran; Cetak; Ekspor Excel; Muat Ulang; Kembali (padanan Ke Menu),Cari supplier; Filter Semua; Tanggal acuan (As of); Belum Lunas; Tampilkan Lunas; Status BG: Semua,"Grid 1: Kode, Nama Supplier, Alamat; Grid 2: Tanggal, No. Faktur, Jatuh Tempo, Tgl Bayar, Jumlah, Keterangan","Hutang diperlakukan sebagai register event: tagihan menambah saldo dan pembayaran/retur/discount mengurangi saldo. Daftar supplier dan detail faktur harus sinkron, total outstanding direkonsiliasi, dan event settled tetap tersimpan.","Kontrol mengikuti RBAC, status record/dokumen, periode, dan hak melihat kolom sensitif. Tombol yang belum boleh digunakan harus disabled dengan alasan, bukan hilang tanpa penjelasan. Setiap create/update/posting/cancel/reversal/cetak/ekspor menyimpan pengguna, waktu, perangkat, nilai sebelum-sesudah, correlation ID, dan audit trail. Web, Flutter Windows, dan Flutter Android memakai API serta aturan bisnis yang sama; retry offline wajib idempotent dan status sinkronisasi terlihat.","Register hutang PDF/Excel, detail faktur, daftar event, outstanding, dan rekonsiliasi. Layar diterima hanya apabila seluruh kontrol di atas tersedia atau disabled dengan alasan yang sah, seluruh kolom dan perhitungan setara, efek data cocok dengan legacy/aturan yang disetujui, dan skenario normal, batal, hak akses, cetak/ekspor, offline/retry, rekonsiliasi, serta UAT lulus."
23,Menampilkan Hutang yang Sudah Lunas,Hutang Dagang,Daftar Hutang > Lunas Muncul,Bayar Hutang; Lihat Pembayaran; Analisis Hutang; Edit Pembayaran; Cetak; Ekspor Excel; Muat Ulang; Kembali (padanan Ke Menu),Cari supplier; Filter Semua; Tanggal acuan (As of); Belum Lunas; Sembunyikan Lunas; Status BG: Semua,"Grid 1: Kode, Nama Supplier, Alamat; Grid 2: Tanggal, No. Faktur, Jatuh Tempo, Tgl Bayar, Jumlah, Keterangan","Tampilkan/Sembunyikan Lunas hanya mengubah filter. Record lunas, payment event, nomor BG, bank, tanggal, dan histori tidak boleh dihapus. Total pada layar harus dihitung ulang sesuai filter tanpa mengubah saldo sumber.","Kontrol mengikuti RBAC, status record/dokumen, periode, dan hak melihat kolom sensitif. Tombol yang belum boleh digunakan harus disabled dengan alasan, bukan hilang tanpa penjelasan. Setiap create/update/posting/cancel/reversal/cetak/ekspor menyimpan pengguna, waktu, perangkat, nilai sebelum-sesudah, correlation ID, dan audit trail. Web, Flutter Windows, dan Flutter Android memakai API serta aturan bisnis yang sama; retry offline wajib idempotent dan status sinkronisasi terlihat.","Register hutang termasuk settled/lunas PDF/Excel; parameter filter lunas wajib tercetak/terekspor. Layar diterima hanya apabila seluruh kontrol di atas tersedia atau disabled dengan alasan yang sah, seluruh kolom dan perhitungan setara, efek data cocok dengan legacy/aturan yang disetujui, dan skenario normal, batal, hak akses, cetak/ekspor, offline/retry, rekonsiliasi, serta UAT lulus."
24,Pembayaran Hutang,Pembayaran Hutang,Pembelian > Bayar Hutang,Simpan Pembayaran; Batal; Lihat Bayar; Analisis Hutang; Edit Bayar; Cetak Bukti; Kembali (padanan Ke Menu),Tanggal; Total Hutang; Nama Supplier; Nomor Faktur; Pembayaran via; Jumlah Bayar; No. BG; Bank; BG Jatuh Tempo; Status; F4 - Cari No. Faktur / ESC - ke nama Supplier; Status belum lunas,"Tidak ada grid utama pada layar ini; komponen utama: Form Pembayaran Hutang, Alokasi Pembayaran. Daftar terkait tetap wajib tersedia melalui tombol/panel yang ditentukan.","Pembayaran hutang wajib dialokasikan ke faktur yang benar dan tidak boleh melebihi outstanding. Tunai, transfer, giro/BG, discount, dan retur harus membawa field terkait. Posting pembayaran harus idempotent dan atomik terhadap hutang, kas/bank, jurnal, serta audit.","Kontrol mengikuti RBAC, status record/dokumen, periode, dan hak melihat kolom sensitif. Tombol yang belum boleh digunakan harus disabled dengan alasan, bukan hilang tanpa penjelasan. Setiap create/update/posting/cancel/reversal/cetak/ekspor menyimpan pengguna, waktu, perangkat, nilai sebelum-sesudah, correlation ID, dan audit trail. Web, Flutter Windows, dan Flutter Android memakai API serta aturan bisnis yang sama; retry offline wajib idempotent dan status sinkronisasi terlihat.","Bukti pembayaran, nomor alokasi, referensi kas/bank/jurnal, status BG, dan audit. Layar diterima hanya apabila seluruh kontrol di atas tersedia atau disabled dengan alasan yang sah, seluruh kolom dan perhitungan setara, efek data cocok dengan legacy/aturan yang disetujui, dan skenario normal, batal, hak akses, cetak/ekspor, offline/retry, rekonsiliasi, serta UAT lulus."
25,Melihat Pembayaran Hutang,Riwayat Pembayaran Hutang,Pembayaran Hutang > Lihat Bayar Utang,Periode; Cari Pihak; Semua; Tunai; Giro; Transfer; Discount; Retur; Cetak; Ekspor Excel; Tutup; Kembali (padanan Ke Menu),Tanggal awal (Dari); Tanggal akhir (Sampai); Cari supplier / faktur; Filter Semua; Tunai; Giro; Transfer; Discount; Retur,"Grid 1: Nama Supplier, No. Faktur, Tgl Bayar, Jumlah, Keterangan, No. BG, Bank, Tgl BG","Riwayat pembayaran harus menampilkan seluruh event dan metode, termasuk nilai pengurang, BG, bank, tanggal BG, discount, serta retur. Koreksi hanya melalui edit draft atau reversal/koreksi berotorisasi; event posted tidak dihapus.","Kontrol mengikuti RBAC, status record/dokumen, periode, dan hak melihat kolom sensitif. Tombol yang belum boleh digunakan harus disabled dengan alasan, bukan hilang tanpa penjelasan. Setiap create/update/posting/cancel/reversal/cetak/ekspor menyimpan pengguna, waktu, perangkat, nilai sebelum-sesudah, correlation ID, dan audit trail. Web, Flutter Windows, dan Flutter Android memakai API serta aturan bisnis yang sama; retry offline wajib idempotent dan status sinkronisasi terlihat.","Riwayat pembayaran PDF/Excel dan drill-down bukti tiap event. Layar diterima hanya apabila seluruh kontrol di atas tersedia atau disabled dengan alasan yang sah, seluruh kolom dan perhitungan setara, efek data cocok dengan legacy/aturan yang disetujui, dan skenario normal, batal, hak akses, cetak/ekspor, offline/retry, rekonsiliasi, serta UAT lulus."
26,Mencetak Pembayaran Hutang,Laporan Pembayaran Hutang,Lihat Bayar Utang > Cetak,Halaman Pertama; Sebelum; Berikut; Terakhir; Zoom 100%; Cetak; Unduh PDF; Ekspor Excel; Simpan Snapshot; Riwayat Cetak; Kembali (padanan Ke Menu),Periode; Gudang / Pihak; Versi snapshot; Penanda,"Grid 1: Nama Supplier, No. Faktur, Tgl Bayar, Jumlah","Laporan pembayaran hutang harus memakai filter dan snapshot yang sama dengan riwayat, menampilkan supplier, faktur, tanggal, jenis, jumlah, dan total, serta merekonsiliasi ke subledger dan kas/bank.","Kontrol mengikuti RBAC, status record/dokumen, periode, dan hak melihat kolom sensitif. Tombol yang belum boleh digunakan harus disabled dengan alasan, bukan hilang tanpa penjelasan. Setiap create/update/posting/cancel/reversal/cetak/ekspor menyimpan pengguna, waktu, perangkat, nilai sebelum-sesudah, correlation ID, dan audit trail. Web, Flutter Windows, dan Flutter Android memakai API serta aturan bisnis yang sama; retry offline wajib idempotent dan status sinkronisasi terlihat.","Laporan pembayaran hutang PDF/cetak/Excel dengan snapshot dan riwayat reprint. Layar diterima hanya apabila seluruh kontrol di atas tersedia atau disabled dengan alasan yang sah, seluruh kolom dan perhitungan setara, efek data cocok dengan legacy/aturan yang disetujui, dan skenario normal, batal, hak akses, cetak/ekspor, offline/retry, rekonsiliasi, serta UAT lulus."
27,Analisis Hutang,Analisis Hutang,Pembayaran Hutang > Analisis,As of Date; Per Pihak; Per Periode; Semua; Drill-down Faktur; Cetak; Ekspor Excel; Simpan Snapshot; Kembali (padanan Ke Menu),Tanggal acuan (As of); Periode dokumen; Per Supplier; Per Periode; Filter Semua,"Grid 1: Supplier, No. Faktur, Tanggal, Jatuh Tempo, Belum Jth Tmp, 1-30, 31-60, 61-90, >90","Aging hutang dihitung berdasarkan jatuh tempo dan as-of date yang sama. Bucket belum jatuh tempo, 1-30, 31-60, 61-90, dan >90 harus saling eksklusif serta jumlahnya sama dengan outstanding per supplier dan total subledger.","Kontrol mengikuti RBAC, status record/dokumen, periode, dan hak melihat kolom sensitif. Tombol yang belum boleh digunakan harus disabled dengan alasan, bukan hilang tanpa penjelasan. Setiap create/update/posting/cancel/reversal/cetak/ekspor menyimpan pengguna, waktu, perangkat, nilai sebelum-sesudah, correlation ID, dan audit trail. Web, Flutter Windows, dan Flutter Android memakai API serta aturan bisnis yang sama; retry offline wajib idempotent dan status sinkronisasi terlihat.","Aging hutang PDF/Excel, snapshot as-of, drill-down faktur, dan total rekonsiliasi. Layar diterima hanya apabila seluruh kontrol di atas tersedia atau disabled dengan alasan yang sah, seluruh kolom dan perhitungan setara, efek data cocok dengan legacy/aturan yang disetujui, dan skenario normal, batal, hak akses, cetak/ekspor, offline/retry, rekonsiliasi, serta UAT lulus."
28,Mencetak Faktur Pembelian Barang,Cetak Pembelian,Pembelian > Cetak Faktur,Periode; Semua; Per Supplier; Per Barang; Drill-down Transaksi; Cetak; Ekspor Excel; Simpan Snapshot; Kembali (padanan Ke Menu),Tanggal awal (Dari); Tanggal akhir (Sampai); Filter Semua; Per Supplier; Per Barang; Cari supplier / faktur / barang,"Grid 1: #Suppl, Nama Supplier, Tanggal, No.Faktur, Nama Barang, Banyak, Harga Beli, Total Beli, Batch, Expired","Faktur/laporan pembelian harus mempertahankan supplier, faktur, tanggal, barang, kuantitas, harga, diskon, total, batch, dan expiry. Drill-down dan cetak harus mengacu ke dokumen yang sama, bukan query dengan cut-off berbeda.","Kontrol mengikuti RBAC, status record/dokumen, periode, dan hak melihat kolom sensitif. Tombol yang belum boleh digunakan harus disabled dengan alasan, bukan hilang tanpa penjelasan. Setiap create/update/posting/cancel/reversal/cetak/ekspor menyimpan pengguna, waktu, perangkat, nilai sebelum-sesudah, correlation ID, dan audit trail. Web, Flutter Windows, dan Flutter Android memakai API serta aturan bisnis yang sama; retry offline wajib idempotent dan status sinkronisasi terlihat.","Faktur/laporan pembelian PDF/cetak/Excel dengan detail barang, batch, expiry, diskon, dan total. Layar diterima hanya apabila seluruh kontrol di atas tersedia atau disabled dengan alasan yang sah, seluruh kolom dan perhitungan setara, efek data cocok dengan legacy/aturan yang disetujui, dan skenario normal, batal, hak akses, cetak/ekspor, offline/retry, rekonsiliasi, serta UAT lulus."
29,Mencetak Laporan Pembelian per Periode,Laporan Pembelian,Pembelian > Laporan,Halaman Pertama; Sebelum; Berikut; Terakhir; Zoom 100%; Cetak; Unduh PDF; Ekspor Excel; Simpan Snapshot; Riwayat Cetak; Kembali (padanan Ke Menu),Periode; Gudang / Pihak; Versi snapshot; Penanda,"Grid 1: Nama Supplier, No. Faktur, Tanggal, Pembelian","Laporan pembelian per periode harus mengelompokkan dan menjumlahkan transaksi pada rentang yang dipilih, menyediakan filter supplier/barang, serta merekonsiliasi total ke faktur pembelian dan hutang pada cut-off yang sama.","Kontrol mengikuti RBAC, status record/dokumen, periode, dan hak melihat kolom sensitif. Tombol yang belum boleh digunakan harus disabled dengan alasan, bukan hilang tanpa penjelasan. Setiap create/update/posting/cancel/reversal/cetak/ekspor menyimpan pengguna, waktu, perangkat, nilai sebelum-sesudah, correlation ID, dan audit trail. Web, Flutter Windows, dan Flutter Android memakai API serta aturan bisnis yang sama; retry offline wajib idempotent dan status sinkronisasi terlihat.","Laporan pembelian per periode PDF/cetak/Excel, snapshot, total per supplier/faktur, dan drill-down. Layar diterima hanya apabila seluruh kontrol di atas tersedia atau disabled dengan alasan yang sah, seluruh kolom dan perhitungan setara, efek data cocok dengan legacy/aturan yang disetujui, dan skenario normal, batal, hak akses, cetak/ekspor, offline/retry, rekonsiliasi, serta UAT lulus."
30,Menu Penjualan,Penjualan,Menu Utama > Penjualan,Cetak Faktur; Tambah Baris; Ubah Baris; Hapus Baris; Selesai Ubah; Simpan Draft; Posting Transaksi; Batalkan Dokumen/Reversal untuk posted; Piutang; Bayar Piutang; Laporan; Kembali (padanan Ke Menu),Tanggal; Sales; No. Faktur; Customer; Jatuh Tempo; Saldo Piutang; Status; Wilayah; Kode Barang; Nama Barang; Satuan; No. Batch; Tanggal Kedaluwarsa; Stok Barang; Banyak; Harga Akhir; Harga Terakhir; Diskon Rp; Harga Jual Neto; Jumlah; Termin; Status Piutang; Nomor referensi,"Grid 1: #Barang, Nama Barang, Banyak, Harga, Jumlah","Penjualan wajib memelihara header dan baris, sales, customer, harga resolver, diskon, batch, expiry, termin, dan jumlah. Posting harus atomik/idempotent terhadap dokumen, stok, batch, piutang, laba kotor, jurnal, dan audit. Invoice posted dikoreksi dengan reversal/retur.","Kontrol mengikuti RBAC, status record/dokumen, periode, dan hak melihat kolom sensitif. Tombol yang belum boleh digunakan harus disabled dengan alasan, bukan hilang tanpa penjelasan. Setiap create/update/posting/cancel/reversal/cetak/ekspor menyimpan pengguna, waktu, perangkat, nilai sebelum-sesudah, correlation ID, dan audit trail. Web, Flutter Windows, dan Flutter Android memakai API serta aturan bisnis yang sama; retry offline wajib idempotent dan status sinkronisasi terlihat.","Faktur penjualan, nomor posting, referensi stok/batch, piutang, laba kotor, jurnal, audit, dan cetak ulang. Layar diterima hanya apabila seluruh kontrol di atas tersedia atau disabled dengan alasan yang sah, seluruh kolom dan perhitungan setara, efek data cocok dengan legacy/aturan yang disetujui, dan skenario normal, batal, hak akses, cetak/ekspor, offline/retry, rekonsiliasi, serta UAT lulus."
31,Membuka Piutang dari Menu Penjualan,Piutang Dagang,Penjualan > Piutang,Cetak Faktur; Tambah Baris; Ubah Baris; Hapus Baris; Selesai Ubah; Simpan Draft; Posting Transaksi; Batalkan Dokumen/Reversal untuk posted; Piutang; Bayar Piutang; Laporan; Kembali (padanan Ke Menu),Tanggal; Sales; No. Faktur; Customer; Jatuh Tempo; Saldo Piutang; Status; Wilayah; Kode Barang; Nama Barang; Satuan; No. Batch; Tanggal Kedaluwarsa; Stok Barang; Banyak; Harga Akhir; Harga Terakhir; Diskon Rp; Harga Jual Neto; Jumlah; Termin; Status Piutang; Nomor referensi,"Grid 1: #Barang, Nama Barang, Banyak, Harga, Jumlah","Tombol Piutang wajib menjadi deep-link fungsional yang membawa faktur, customer, sales, tanggal, jatuh tempo, nilai, dan status ke subledger piutang. Navigasi tidak boleh membuat piutang ganda atau kehilangan konteks.","Kontrol mengikuti RBAC, status record/dokumen, periode, dan hak melihat kolom sensitif. Tombol yang belum boleh digunakan harus disabled dengan alasan, bukan hilang tanpa penjelasan. Setiap create/update/posting/cancel/reversal/cetak/ekspor menyimpan pengguna, waktu, perangkat, nilai sebelum-sesudah, correlation ID, dan audit trail. Web, Flutter Windows, dan Flutter Android memakai API serta aturan bisnis yang sama; retry offline wajib idempotent dan status sinkronisasi terlihat.","Deep-link ke piutang terkait dan kembali ke penjualan tanpa membuat output atau record baru. Layar diterima hanya apabila seluruh kontrol di atas tersedia atau disabled dengan alasan yang sah, seluruh kolom dan perhitungan setara, efek data cocok dengan legacy/aturan yang disetujui, dan skenario normal, batal, hak akses, cetak/ekspor, offline/retry, rekonsiliasi, serta UAT lulus."
32,Data Piutang Customer,Piutang Dagang,Penjualan > Piutang > Daftar,Bayar Piutang; Lihat Pembayaran; Analisis Piutang; Edit Pembayaran; Cetak; Ekspor Excel; Muat Ulang; Kembali (padanan Ke Menu),Cari customer; Filter Semua; Tanggal acuan (As of); Belum Lunas; Tampilkan Lunas; Status BG: Semua,"Grid 1: Kode, Nama Customer, Wilayah; Grid 2: Tanggal, No. Faktur, Jatuh Tempo, Tgl Bayar, Jumlah, Keterangan","Piutang diperlakukan sebagai register event: faktur menambah saldo dan penerimaan/retur/discount mengurangi saldo. Customer, sales snapshot, faktur, payment event, dan outstanding harus sinkron serta dapat direkonsiliasi.","Kontrol mengikuti RBAC, status record/dokumen, periode, dan hak melihat kolom sensitif. Tombol yang belum boleh digunakan harus disabled dengan alasan, bukan hilang tanpa penjelasan. Setiap create/update/posting/cancel/reversal/cetak/ekspor menyimpan pengguna, waktu, perangkat, nilai sebelum-sesudah, correlation ID, dan audit trail. Web, Flutter Windows, dan Flutter Android memakai API serta aturan bisnis yang sama; retry offline wajib idempotent dan status sinkronisasi terlihat.","Register piutang PDF/Excel, detail faktur, event penerimaan, outstanding, dan rekonsiliasi. Layar diterima hanya apabila seluruh kontrol di atas tersedia atau disabled dengan alasan yang sah, seluruh kolom dan perhitungan setara, efek data cocok dengan legacy/aturan yang disetujui, dan skenario normal, batal, hak akses, cetak/ekspor, offline/retry, rekonsiliasi, serta UAT lulus."
33,Menampilkan Piutang yang Sudah Lunas,Piutang Dagang,Daftar Piutang > Lunas Muncul,Bayar Piutang; Lihat Pembayaran; Analisis Piutang; Edit Pembayaran; Cetak; Ekspor Excel; Muat Ulang; Kembali (padanan Ke Menu),Cari customer; Filter Semua; Tanggal acuan (As of); Belum Lunas; Sembunyikan Lunas; Status BG: Semua,"Grid 1: Kode, Nama Customer, Wilayah; Grid 2: Tanggal, No. Faktur, Jatuh Tempo, Tgl Bayar, Jumlah, Keterangan",Tampilkan/Sembunyikan Lunas hanya mengubah visibilitas. Dokumen settled dan seluruh event penerimaan tetap tersedia. Total harus mengikuti filter tanpa menghapus atau memindahkan event historis.,"Kontrol mengikuti RBAC, status record/dokumen, periode, dan hak melihat kolom sensitif. Tombol yang belum boleh digunakan harus disabled dengan alasan, bukan hilang tanpa penjelasan. Setiap create/update/posting/cancel/reversal/cetak/ekspor menyimpan pengguna, waktu, perangkat, nilai sebelum-sesudah, correlation ID, dan audit trail. Web, Flutter Windows, dan Flutter Android memakai API serta aturan bisnis yang sama; retry offline wajib idempotent dan status sinkronisasi terlihat.","Register piutang termasuk settled/lunas PDF/Excel; parameter filter wajib tercantum. Layar diterima hanya apabila seluruh kontrol di atas tersedia atau disabled dengan alasan yang sah, seluruh kolom dan perhitungan setara, efek data cocok dengan legacy/aturan yang disetujui, dan skenario normal, batal, hak akses, cetak/ekspor, offline/retry, rekonsiliasi, serta UAT lulus."
34,Pembayaran Piutang,Penerimaan Piutang,Penjualan > Bayar Piutang,Simpan Pembayaran; Batal; Lihat Bayar; Analisis Piutang; Edit Bayar; Sales Membawa Nota; Cetak Bukti; Kembali (padanan Ke Menu),Tanggal; Total Piutang; Nama Customer; Nomor Faktur; Pembayaran via; Jumlah Bayar; No. BG; Bank; BG Jatuh Tempo; Status; F4 - Cari No. Faktur / ESC - ke nama Customer; Status belum lunas,"Tidak ada grid utama pada layar ini; komponen utama: Form Pembayaran Piutang, Alokasi Pembayaran. Daftar terkait tetap wajib tersedia melalui tombol/panel yang ditentukan.","Penerimaan piutang wajib dialokasikan ke faktur yang benar dan tidak boleh melebihi outstanding. Tunai, transfer, giro/BG, discount, retur, serta kaitan sales/nota harus lengkap. Posting harus atomik terhadap piutang, kas/bank, jurnal, dan audit.","Kontrol mengikuti RBAC, status record/dokumen, periode, dan hak melihat kolom sensitif. Tombol yang belum boleh digunakan harus disabled dengan alasan, bukan hilang tanpa penjelasan. Setiap create/update/posting/cancel/reversal/cetak/ekspor menyimpan pengguna, waktu, perangkat, nilai sebelum-sesudah, correlation ID, dan audit trail. Web, Flutter Windows, dan Flutter Android memakai API serta aturan bisnis yang sama; retry offline wajib idempotent dan status sinkronisasi terlihat.","Bukti penerimaan piutang, nomor alokasi, referensi kas/bank/jurnal, status BG, dan audit. Layar diterima hanya apabila seluruh kontrol di atas tersedia atau disabled dengan alasan yang sah, seluruh kolom dan perhitungan setara, efek data cocok dengan legacy/aturan yang disetujui, dan skenario normal, batal, hak akses, cetak/ekspor, offline/retry, rekonsiliasi, serta UAT lulus."
35,Melihat Pembayaran Piutang,Riwayat Penerimaan Piutang,Bayar Piutang > Lihat Bayar Piutang,Periode; Cari Pihak; Semua; Tunai; Giro; Transfer; Discount; Retur; Cetak; Ekspor Excel; Tutup; Kembali (padanan Ke Menu),Tanggal awal (Dari); Tanggal akhir (Sampai); Cari customer / faktur; Filter Semua; Tunai; Giro; Transfer; Discount; Retur,"Grid 1: Nama Customer, No. Faktur, Tgl Bayar, Jumlah, Keterangan, No. BG, Bank, Tgl BG","Riwayat penerimaan harus menampilkan semua event, metode, BG, bank, tanggal BG, discount, retur, pengguna, dan referensi. Koreksi dilakukan dengan reversal/koreksi berotorisasi, bukan menghapus event posted.","Kontrol mengikuti RBAC, status record/dokumen, periode, dan hak melihat kolom sensitif. Tombol yang belum boleh digunakan harus disabled dengan alasan, bukan hilang tanpa penjelasan. Setiap create/update/posting/cancel/reversal/cetak/ekspor menyimpan pengguna, waktu, perangkat, nilai sebelum-sesudah, correlation ID, dan audit trail. Web, Flutter Windows, dan Flutter Android memakai API serta aturan bisnis yang sama; retry offline wajib idempotent dan status sinkronisasi terlihat.","Riwayat penerimaan PDF/Excel dan drill-down bukti tiap event. Layar diterima hanya apabila seluruh kontrol di atas tersedia atau disabled dengan alasan yang sah, seluruh kolom dan perhitungan setara, efek data cocok dengan legacy/aturan yang disetujui, dan skenario normal, batal, hak akses, cetak/ekspor, offline/retry, rekonsiliasi, serta UAT lulus."
36,Mencetak Pembayaran Piutang,Laporan Penerimaan Piutang,Lihat Bayar Piutang > Cetak,Halaman Pertama; Sebelum; Berikut; Terakhir; Zoom 100%; Cetak; Unduh PDF; Ekspor Excel; Simpan Snapshot; Riwayat Cetak; Kembali (padanan Ke Menu),Periode; Gudang / Pihak; Versi snapshot; Penanda,"Grid 1: Nama Customer, No. Faktur, Tgl Bayar, Jumlah","Laporan penerimaan piutang harus memakai snapshot dan filter yang sama dengan riwayat, menampilkan customer, faktur, tanggal, jenis, jumlah, dan total, serta merekonsiliasi ke subledger dan kas/bank.","Kontrol mengikuti RBAC, status record/dokumen, periode, dan hak melihat kolom sensitif. Tombol yang belum boleh digunakan harus disabled dengan alasan, bukan hilang tanpa penjelasan. Setiap create/update/posting/cancel/reversal/cetak/ekspor menyimpan pengguna, waktu, perangkat, nilai sebelum-sesudah, correlation ID, dan audit trail. Web, Flutter Windows, dan Flutter Android memakai API serta aturan bisnis yang sama; retry offline wajib idempotent dan status sinkronisasi terlihat.","Laporan penerimaan piutang PDF/cetak/Excel dengan snapshot dan riwayat reprint. Layar diterima hanya apabila seluruh kontrol di atas tersedia atau disabled dengan alasan yang sah, seluruh kolom dan perhitungan setara, efek data cocok dengan legacy/aturan yang disetujui, dan skenario normal, batal, hak akses, cetak/ekspor, offline/retry, rekonsiliasi, serta UAT lulus."
37,Analisis Piutang per Customer,Analisis Piutang,Piutang > Analisis per Customer,As of Date; Per Pihak; Per Periode; Semua; Drill-down Faktur; Cetak; Ekspor Excel; Simpan Snapshot; Kembali (padanan Ke Menu),Tanggal acuan (As of); Periode dokumen; Per Customer; Per Periode; Filter Semua,"Grid 1: Customer, No. Faktur, Tanggal, Jatuh Tempo, Belum Jth Tmp, 1-30, 31-60, 61-90, >90","Aging piutang per customer dihitung dari jatuh tempo dan as-of date. Bucket harus saling eksklusif, status lunas/retur diperhitungkan, dan jumlah bucket harus sama dengan outstanding customer serta total subledger.","Kontrol mengikuti RBAC, status record/dokumen, periode, dan hak melihat kolom sensitif. Tombol yang belum boleh digunakan harus disabled dengan alasan, bukan hilang tanpa penjelasan. Setiap create/update/posting/cancel/reversal/cetak/ekspor menyimpan pengguna, waktu, perangkat, nilai sebelum-sesudah, correlation ID, dan audit trail. Web, Flutter Windows, dan Flutter Android memakai API serta aturan bisnis yang sama; retry offline wajib idempotent dan status sinkronisasi terlihat.","Aging piutang per customer PDF/Excel, snapshot as-of, drill-down faktur, dan total rekonsiliasi. Layar diterima hanya apabila seluruh kontrol di atas tersedia atau disabled dengan alasan yang sah, seluruh kolom dan perhitungan setara, efek data cocok dengan legacy/aturan yang disetujui, dan skenario normal, batal, hak akses, cetak/ekspor, offline/retry, rekonsiliasi, serta UAT lulus."
38,Analisis Piutang per Sales,Analisis Piutang,Piutang > Analisis per Sales,As of Date; Per Sales; Per Periode; Semua; Drill-down Customer; Cetak; Ekspor Excel; Simpan Snapshot; Kembali (padanan Ke Menu),Tanggal acuan (As of); Per Sales; Per Periode; Filter Semua; Cari sales / customer,"Grid 1: Sales, Customer, No.Faktur, Tanggal, Jth Tempo, Saldo, Belum Jth, 1-30, 31-90, >90","Aging per sales menggunakan sales snapshot pada faktur, bukan sales master terkini semata. Satu faktur tidak boleh terhitung ganda saat agregasi customer-sales; total per sales harus sama dengan total piutang keseluruhan.","Kontrol mengikuti RBAC, status record/dokumen, periode, dan hak melihat kolom sensitif. Tombol yang belum boleh digunakan harus disabled dengan alasan, bukan hilang tanpa penjelasan. Setiap create/update/posting/cancel/reversal/cetak/ekspor menyimpan pengguna, waktu, perangkat, nilai sebelum-sesudah, correlation ID, dan audit trail. Web, Flutter Windows, dan Flutter Android memakai API serta aturan bisnis yang sama; retry offline wajib idempotent dan status sinkronisasi terlihat.","Aging piutang per sales PDF/Excel, drill-down customer/faktur, snapshot, dan total rekonsiliasi. Layar diterima hanya apabila seluruh kontrol di atas tersedia atau disabled dengan alasan yang sah, seluruh kolom dan perhitungan setara, efek data cocok dengan legacy/aturan yang disetujui, dan skenario normal, batal, hak akses, cetak/ekspor, offline/retry, rekonsiliasi, serta UAT lulus."
39,Sales Membawa Nota,Distribusi Nota Sales,Penjualan > Sales Bawa Nota,Simpan Pembayaran; Batal; Lihat Bayar; Analisis Piutang; Edit Bayar; Sales Membawa Nota; Cetak Bukti; Kembali (padanan Ke Menu); Buka Daftar Nota Sales,Tanggal; Total Piutang; Nama Customer; Nomor Faktur; Pembayaran via; Jumlah Bayar; No. BG; Bank; BG Jatuh Tempo; Status; Sales; Tanggal bawa; Jumlah nota; Nilai nota; F4 - Cari No. Faktur / ESC - ke nama Customer; Status belum lunas,"Tidak ada grid utama pada layar ini; komponen utama: Form Sales Membawa Nota, Distribusi Nota Sales. Daftar terkait tetap wajib tersedia melalui tombol/panel yang ditentukan.","Sales membawa nota harus menjadi fungsi custody/serah-terima yang merekam sales, tanggal, daftar faktur, nilai, penyerah, penerima, status dibawa/dikembalikan, dan bukti. Karena penyimpanan permanen legacy belum sepenuhnya terbukti, detailnya wajib dikonfirmasi melalui UAT, bukan dihilangkan.","Kontrol mengikuti RBAC, status record/dokumen, periode, dan hak melihat kolom sensitif. Tombol yang belum boleh digunakan harus disabled dengan alasan, bukan hilang tanpa penjelasan. Setiap create/update/posting/cancel/reversal/cetak/ekspor menyimpan pengguna, waktu, perangkat, nilai sebelum-sesudah, correlation ID, dan audit trail. Web, Flutter Windows, dan Flutter Android memakai API serta aturan bisnis yang sama; retry offline wajib idempotent dan status sinkronisasi terlihat.","Bukti serah-terima nota, nomor paket, daftar faktur, nilai, sales, penyerah/penerima, status, dan audit. Layar diterima hanya apabila seluruh kontrol di atas tersedia atau disabled dengan alasan yang sah, seluruh kolom dan perhitungan setara, efek data cocok dengan legacy/aturan yang disetujui, dan skenario normal, batal, hak akses, cetak/ekspor, offline/retry, rekonsiliasi, serta UAT lulus."
40,Nota Sales,Nota Penjualan,Sales Bawa Nota > Cetak,Kosongkan Nota Dibawa; Tandai Semua Dibawa; Batalkan Serah Terima; Filter Sales; Filter Wilayah; Buat Nota yang Dibawa; Cetak Serah Terima; Ekspor Excel; Kembali (padanan Ke Menu),Sales; Tanggal bawa; Cari customer / faktur; Filter Semua; Per Customer; Per Wilayah,"Grid 1: Sales, Nama Customer, Nota/Faktur, Tgl Faktur, Tgl Jth Tempo, Sisa Waktu, Jml Piutang, Dibawa, Wilayah","Daftar nota sales harus mendukung pemilihan per faktur/customer/wilayah, tandai semua, kosongkan, batalkan serah-terima, buat paket nota, dan cetak bukti. Setiap perubahan custody wajib mempunyai waktu, pengguna, sales, penerima, dan histori.","Kontrol mengikuti RBAC, status record/dokumen, periode, dan hak melihat kolom sensitif. Tombol yang belum boleh digunakan harus disabled dengan alasan, bukan hilang tanpa penjelasan. Setiap create/update/posting/cancel/reversal/cetak/ekspor menyimpan pengguna, waktu, perangkat, nilai sebelum-sesudah, correlation ID, dan audit trail. Web, Flutter Windows, dan Flutter Android memakai API serta aturan bisnis yang sama; retry offline wajib idempotent dan status sinkronisasi terlihat.","Daftar nota sales, bukti serah-terima PDF/cetak, Excel, histori custody, dan status pengembalian. Layar diterima hanya apabila seluruh kontrol di atas tersedia atau disabled dengan alasan yang sah, seluruh kolom dan perhitungan setara, efek data cocok dengan legacy/aturan yang disetujui, dan skenario normal, batal, hak akses, cetak/ekspor, offline/retry, rekonsiliasi, serta UAT lulus."
41,Laporan Piutang,Laporan Piutang,Piutang > Laporan,Jenis: Rekap Penjualan; Outstanding Piutang; Urut Nama Barang; Fast Moving (QTY); Cari Nama Barang; Cetak; Ekspor Excel; Drill-down Faktur; Kembali (padanan Ke Menu),Rekap Penjualan Barang - fungsi legacy; Outstanding Piutang; Register Event Piutang; Periode laporan; Urut Nama Barang; Fast Moving (QTY); Cari Nama Barang; Nama barang...,"Grid 1: #Brg, Nama Barang, Satuan, QTY, Jumlah (Rp)","Fungsi legacy rekap penjualan per barang wajib tetap tersedia. Untuk mencegah salah makna, layar baru juga menyediakan tab Outstanding Piutang dan Register Event Piutang. Pengguna harus memilih jenis laporan secara eksplisit; judul, kolom, dan total mengikuti jenis tersebut.","Kontrol mengikuti RBAC, status record/dokumen, periode, dan hak melihat kolom sensitif. Tombol yang belum boleh digunakan harus disabled dengan alasan, bukan hilang tanpa penjelasan. Setiap create/update/posting/cancel/reversal/cetak/ekspor menyimpan pengguna, waktu, perangkat, nilai sebelum-sesudah, correlation ID, dan audit trail. Web, Flutter Windows, dan Flutter Android memakai API serta aturan bisnis yang sama; retry offline wajib idempotent dan status sinkronisasi terlihat.","Rekap penjualan legacy, outstanding piutang, atau register event sesuai tab; PDF/Excel dan drill-down faktur. Layar diterima hanya apabila seluruh kontrol di atas tersedia atau disabled dengan alasan yang sah, seluruh kolom dan perhitungan setara, efek data cocok dengan legacy/aturan yang disetujui, dan skenario normal, batal, hak akses, cetak/ekspor, offline/retry, rekonsiliasi, serta UAT lulus."
42,Mencetak Laporan Piutang,Laporan Piutang,Laporan Piutang > Cetak,Halaman Pertama; Sebelum; Berikut; Terakhir; Zoom 100%; Cetak; Unduh PDF; Ekspor Excel; Simpan Snapshot; Riwayat Cetak; Kembali (padanan Ke Menu),Periode; Gudang / Pihak; Versi snapshot; Penanda,"Grid 1: #BRG, NAMA BARANG, QTY, SAT, JUMLAH (Rp)","Cetak laporan harus mengikuti tab/jenis yang dipilih pada layar 41. Judul, periode, filter, kolom, jumlah baris, total, versi snapshot, dan sumber data harus jelas sehingga rekap penjualan tidak tertukar dengan outstanding piutang.","Kontrol mengikuti RBAC, status record/dokumen, periode, dan hak melihat kolom sensitif. Tombol yang belum boleh digunakan harus disabled dengan alasan, bukan hilang tanpa penjelasan. Setiap create/update/posting/cancel/reversal/cetak/ekspor menyimpan pengguna, waktu, perangkat, nilai sebelum-sesudah, correlation ID, dan audit trail. Web, Flutter Windows, dan Flutter Android memakai API serta aturan bisnis yang sama; retry offline wajib idempotent dan status sinkronisasi terlihat.","PDF/cetak/Excel dari jenis laporan terpilih dengan judul, periode, parameter, versi, total, dan riwayat cetak. Layar diterima hanya apabila seluruh kontrol di atas tersedia atau disabled dengan alasan yang sah, seluruh kolom dan perhitungan setara, efek data cocok dengan legacy/aturan yang disetujui, dan skenario normal, batal, hak akses, cetak/ekspor, offline/retry, rekonsiliasi, serta UAT lulus."
43,Kas dan Jurnal,Kas/Jurnal,Menu Utama > Kas,Pertama; Sebelum; Berikut; Terakhir; Tambah Jurnal; Ubah Draft; Simpan; Batal; Hapus Draft saja; Posting; Reversal; Cetak Bukti; Cari; Laba-Rugi; Buku Besar; Perkiraan Baru; Kembali (padanan Ke Menu),Tanggal; Nomor Bukti; No. Perkiraan [D]; No. Perkiraan [K]; Uraian; Jumlah Rp; Status; Periode,"Grid 1: Kode Akun, Nama Akun, Debit, Kredit","Jurnal wajib double-entry dan seimbang. Draft boleh diubah/dihapus; jurnal posted tidak boleh dihapus dan hanya dikoreksi dengan reversal. Periode, akun debit/kredit, uraian, jumlah, nomor bukti, posting user, dan audit harus lengkap.","Kontrol mengikuti RBAC, status record/dokumen, periode, dan hak melihat kolom sensitif. Tombol yang belum boleh digunakan harus disabled dengan alasan, bukan hilang tanpa penjelasan. Setiap create/update/posting/cancel/reversal/cetak/ekspor menyimpan pengguna, waktu, perangkat, nilai sebelum-sesudah, correlation ID, dan audit trail. Web, Flutter Windows, dan Flutter Android memakai API serta aturan bisnis yang sama; retry offline wajib idempotent dan status sinkronisasi terlihat.","Bukti jurnal, nomor posting/reversal, buku besar, PDF/cetak, dan jejak audit. Layar diterima hanya apabila seluruh kontrol di atas tersedia atau disabled dengan alasan yang sah, seluruh kolom dan perhitungan setara, efek data cocok dengan legacy/aturan yang disetujui, dan skenario normal, batal, hak akses, cetak/ekspor, offline/retry, rekonsiliasi, serta UAT lulus."
44,Membuat Perkiraan Baru,Master Perkiraan,Kas/Jurnal > Perkiraan Baru,Pertama; Sebelum; Berikut; Terakhir; Tambah; Ubah (padanan Ganti); Simpan; Batal; Nonaktifkan (padanan aman Hapus master); Cetak; Cari Perkiraan; Kembali (padanan Ke Menu),Kode Perkiraan; Kelompok; Nama Perkiraan; Status; Saldo Awal; Mutasi; Normal Balance; Dapat Diposting; Cari kode / nama perkiraan,"Grid 1: Kode, Nama Perkiraan, Saldo Awal, Mutasi, Status","Kode perkiraan harus unik, klasifikasi 1xx-5xx konsisten, normal balance dan kemampuan posting jelas. Saldo bukan field bebas; berasal dari opening balance terkontrol dan jurnal. Akun yang sudah dipakai dinonaktifkan, bukan dihapus.","Kontrol mengikuti RBAC, status record/dokumen, periode, dan hak melihat kolom sensitif. Tombol yang belum boleh digunakan harus disabled dengan alasan, bukan hilang tanpa penjelasan. Setiap create/update/posting/cancel/reversal/cetak/ekspor menyimpan pengguna, waktu, perangkat, nilai sebelum-sesudah, correlation ID, dan audit trail. Web, Flutter Windows, dan Flutter Android memakai API serta aturan bisnis yang sama; retry offline wajib idempotent dan status sinkronisasi terlihat.","Daftar chart of accounts PDF/Excel, audit perubahan, dan daftar akun nonaktif/exception. Layar diterima hanya apabila seluruh kontrol di atas tersedia atau disabled dengan alasan yang sah, seluruh kolom dan perhitungan setara, efek data cocok dengan legacy/aturan yang disetujui, dan skenario normal, batal, hak akses, cetak/ekspor, offline/retry, rekonsiliasi, serta UAT lulus."
45,Menu Laba/Rugi,Laporan Laba Rugi,Menu Utama > Laba/Rugi,Hitung Ulang; Validasi HPP; Laba/Rugi Kotor; Laporan Laba/Rugi; Preview / Cetak; Ekspor Excel; Simpan Snapshot; Kembali (padanan Ke Menu); Buka Laporan; Reset dengan Konfirmasi,HPP Tambah (%); Data HPP Tambah; Periode Awal; Periode Akhir; Jenis Laporan; Status Transaksi,"Tidak ada grid utama pada layar ini; komponen utama: Parameter Laba / Rugi, Kontrol Perhitungan. Daftar terkait tetap wajib tersedia melalui tombol/panel yang ditentukan.","Menu menyediakan Laba/Rugi Kotor dan Laporan Laba/Rugi sebagai dua proses nyata. HPP Tambah harus eksplisit dan tervalidasi. Perintah reset hanya menghapus cache/parameter perhitungan setelah konfirmasi, tidak boleh menghapus transaksi sumber.","Kontrol mengikuti RBAC, status record/dokumen, periode, dan hak melihat kolom sensitif. Tombol yang belum boleh digunakan harus disabled dengan alasan, bukan hilang tanpa penjelasan. Setiap create/update/posting/cancel/reversal/cetak/ekspor menyimpan pengguna, waktu, perangkat, nilai sebelum-sesudah, correlation ID, dan audit trail. Web, Flutter Windows, dan Flutter Android memakai API serta aturan bisnis yang sama; retry offline wajib idempotent dan status sinkronisasi terlihat.","Parameter perhitungan tersimpan, snapshot, log validasi HPP, preview, Excel, dan tautan ke dua laporan. Layar diterima hanya apabila seluruh kontrol di atas tersedia atau disabled dengan alasan yang sah, seluruh kolom dan perhitungan setara, efek data cocok dengan legacy/aturan yang disetujui, dan skenario normal, batal, hak akses, cetak/ekspor, offline/retry, rekonsiliasi, serta UAT lulus."
46,Mencetak Laba Rugi Kotor,Laba Rugi Kotor,Laba/Rugi > Cetak Laba Rugi Kotor,Hitung Ulang; Validasi HPP; Laba/Rugi Kotor; Laporan Laba/Rugi; Preview / Cetak; Ekspor Excel; Simpan Snapshot; Kembali (padanan Ke Menu); Buka Laporan; Reset dengan Konfirmasi,HPP Tambah (%); Data HPP Tambah; Periode Awal; Periode Akhir; Jenis Laporan; Status Transaksi,"Tidak ada grid utama pada layar ini; komponen utama: Parameter Laba / Rugi, Kontrol Perhitungan. Daftar terkait tetap wajib tersedia melalui tombol/panel yang ditentukan.","Laba kotor memakai HARGABELI snapshot pada baris penjualan, bukan harga master saat ini. Retur, diskon, kuantitas, biaya nol, margin negatif, dan rounding harus terlihat sebagai bagian perhitungan serta exception.","Kontrol mengikuti RBAC, status record/dokumen, periode, dan hak melihat kolom sensitif. Tombol yang belum boleh digunakan harus disabled dengan alasan, bukan hilang tanpa penjelasan. Setiap create/update/posting/cancel/reversal/cetak/ekspor menyimpan pengguna, waktu, perangkat, nilai sebelum-sesudah, correlation ID, dan audit trail. Web, Flutter Windows, dan Flutter Android memakai API serta aturan bisnis yang sama; retry offline wajib idempotent dan status sinkronisasi terlihat.","Laporan laba rugi kotor PDF/cetak/Excel, snapshot, daftar exception biaya/margin, dan drill-down invoice. Layar diterima hanya apabila seluruh kontrol di atas tersedia atau disabled dengan alasan yang sah, seluruh kolom dan perhitungan setara, efek data cocok dengan legacy/aturan yang disetujui, dan skenario normal, batal, hak akses, cetak/ekspor, offline/retry, rekonsiliasi, serta UAT lulus."
47,Laporan Laba/Rugi,Laporan Laba Rugi,Laba/Rugi > Laporan,Periode; Semua; Per Sales; Jual Rugi; Per Barang; Belum Lunas; Lunas; Drill-down Invoice; Cetak; Ekspor Excel; Simpan Snapshot; Kembali (padanan Ke Menu),Rentang periode; Filter Semua; Per Sales; Jual Rugi; Per Barang; Belum Lunas; Lunas,"Grid 1: Sales, Tanggal, No.Faktur, Nama Barang, HPP, Hrg.Jual, Jumlah, Rugi/Laba, Customer","P&L mengelompokkan akun pendapatan/biaya dan merekonsiliasi jurnal, subledger, penjualan, serta HPP. Karena snapshot JOURNAL legacy tidak berisi record, kelengkapan histori harus ditandai dan dikonfirmasi melalui sumber tambahan/UAT, bukan diasumsikan.","Kontrol mengikuti RBAC, status record/dokumen, periode, dan hak melihat kolom sensitif. Tombol yang belum boleh digunakan harus disabled dengan alasan, bukan hilang tanpa penjelasan. Setiap create/update/posting/cancel/reversal/cetak/ekspor menyimpan pengguna, waktu, perangkat, nilai sebelum-sesudah, correlation ID, dan audit trail. Web, Flutter Windows, dan Flutter Android memakai API serta aturan bisnis yang sama; retry offline wajib idempotent dan status sinkronisasi terlihat.","Laporan P&L PDF/Excel, snapshot, rekonsiliasi akun, drill-down jurnal/invoice, dan daftar exception mapping. Layar diterima hanya apabila seluruh kontrol di atas tersedia atau disabled dengan alasan yang sah, seluruh kolom dan perhitungan setara, efek data cocok dengan legacy/aturan yang disetujui, dan skenario normal, batal, hak akses, cetak/ekspor, offline/retry, rekonsiliasi, serta UAT lulus."
48,Mencetak Laporan Laba/Rugi,Laporan Laba Rugi,Laporan Laba/Rugi > Cetak,Halaman Pertama; Sebelum; Berikut; Terakhir; Zoom 100%; Cetak; Unduh PDF; Ekspor Excel; Simpan Snapshot; Riwayat Cetak; Kembali (padanan Ke Menu),Periode; Gudang / Pihak; Versi snapshot; Penanda,"Grid 1: Nama Sales, No. Faktur, Tanggal, Nama Customer, Laba Kotor","Laporan final wajib menyatakan periode, versi, status periode, approval, sumber ledger, total, laba/rugi, pembuat, dan waktu. Semua halaman harus utuh, cetak ulang diaudit, dan setiap angka dapat ditelusuri ke laporan/ledger sumber.","Kontrol mengikuti RBAC, status record/dokumen, periode, dan hak melihat kolom sensitif. Tombol yang belum boleh digunakan harus disabled dengan alasan, bukan hilang tanpa penjelasan. Setiap create/update/posting/cancel/reversal/cetak/ekspor menyimpan pengguna, waktu, perangkat, nilai sebelum-sesudah, correlation ID, dan audit trail. Web, Flutter Windows, dan Flutter Android memakai API serta aturan bisnis yang sama; retry offline wajib idempotent dan status sinkronisasi terlihat.","P&L final PDF/cetak/Excel dengan versi, approval, watermark/reprint marker, snapshot, dan traceability ke ledger. Layar diterima hanya apabila seluruh kontrol di atas tersedia atau disabled dengan alasan yang sah, seluruh kolom dan perhitungan setara, efek data cocok dengan legacy/aturan yang disetujui, dan skenario normal, batal, hak akses, cetak/ekspor, offline/retry, rekonsiliasi, serta UAT lulus."
